ID,Инв_ном,Дата-выд,Длит-проката,Факт-возврат
8498816955744471104,6729685125601,2024-02-07,25,2024-03-09
5729044962522407338,4627939262114,2024-05-18,8,2024-05-26
820345818383865588,6222619234521,2024-08-29,21,2024-09-23
2014338564320398867,5432503961939,2024-02-02,18,2024-02-21
6222190636691605281,4587725578759,2024-08-13,26,2024-09-15
6311242358646181295,8027947857621,2024-06-18,5,2024-06-23
5163350604103109335,2946996100589,2024-04-05,5,2024-04-10
8675180921884431702,764479613937,2024-06-23,3,2024-06-29
