Инв_ном,Вид,Аренда-сут,Штраф-сут
6729685125601,ракетки,491,1884
4627939262114,настольный теннис,173,2522
6222619234521,воллейб. мяч,249,2773
5432503961939,воллейб. мяч,208,4498
4587725578759,настольный теннис,172,2112
8027947857621,велосипед,103,2456
2946996100589,футбольный мяч,395,3549
764479613937,футбольный мяч,212,1748
