ФИО,Тел,Паспорт,Инв_ном,Вид,Аренда-сут,Аренда-3д,Аренда-нед,Ост,Штраф-сут,Штраф-нед,Дата-выд,Длит-проката,Факт-возврат
Цветков Мина Богданович,+70131840832,K05816870,6729685125601,ракетки,491,1473,3437,353,1884,13188,2024-02-07,25,2024-03-09
Светозар Егорович Самойлов,+7 (624) 648-6768,542223808,4627939262114,настольный теннис,173,519,1211,321,2522,17654,2024-05-18,8,2024-05-26
Елена Львовна Гуляева,+7 613 805 7682,G66858683,6222619234521,воллейб. мяч,249,747,1743,465,2773,19411,2024-08-29,21,2024-09-23
Ксения Владиславовна Корнилова,+78516857622,D93983784,5432503961939,воллейб. мяч,208,624,1456,145,4498,31486,2024-02-02,18,2024-02-21
Потап Вилорович Жуков,+7 (350) 130-8785,163039124,4587725578759,настольный теннис,172,516,1204,385,2112,14784,2024-08-13,26,2024-09-15
Ольга Игоревна Дементьева,+7 223 088 8930,D47187958,8027947857621,велосипед,103,309,721,488,2456,17192,2024-06-18,5,2024-06-23
Тит Гавриилович Кононов,8 428 979 2794,M96875193,2946996100589,футбольный мяч,395,1185,2765,436,3549,24843,2024-04-05,5,2024-04-10
Александров Демьян Фролович,+7 776 920 6829,781352932,764479613937,футбольный мяч,212,636,1484,145,1748,12236,2024-06-23,3,2024-06-29
